Page,Brand,Product Name,Price,Links
1,Try This,Solid Men Round Neck Black T-Shirt,₹235,"https://www.flipkart.com/clothing-and-accessories/topwear/tshirt/men-tshirt/pr?sid=clo,ash,ank,edy&otracker=categorytree&otracker=nmenu_sub_Men_0_T-Shirts/try-solid-men-round-neck-black-t-shirt/p/itmfe39c37739c3f?pid=TSHG9RAMHGD67K6Q&lid=LSTTSHG9RAMHGD67K6QEOLSMT&marketplace=FLIPKART&store=clo%2Fash%2Fank%2Fedy&srno=b_1_1&otracker=browse&iid=en_3Jrd1ueBDyvUZDgPV8mV%2FAn%2BZ%2FfdeoH%2Ft5ejjIDFQo79Sxy0%2FFK0s%2FcUv%2Bf8Hc38Np0kmW7EUcczrghtGukeIg%3D%3D&ssid=rhiav23t1c0000001653087156841"
1,AWG,Solid Men Round Neck Multicolor T-Shirt,₹449,"https://www.flipkart.com/clothing-and-accessories/topwear/tshirt/men-tshirt/pr?sid=clo,ash,ank,edy&otracker=categorytree&otracker=nmenu_sub_Men_0_T-Shirts/awg-solid-men-round-neck-multicolor-t-shirt/p/itmdb221f8e37772?pid=TSHF4PJ6VKEQZ5QZ&lid=LSTTSHF4PJ6VKEQZ5QZNGOCLL&marketplace=FLIPKART&store=clo%2Fash%2Fank%2Fedy&srno=b_1_2&otracker=browse&iid=en_3Jrd1ueBDyvUZDgPV8mV%2FAn%2BZ%2FfdeoH%2Ft5ejjIDFQo7NaApk2Z12BY8dauRswAGei6W9U45pEd61%2FpPL1ZNJTQ%3D%3D&ssid=rhiav23t1c0000001653087156841"
1,Try This,"Color Block Men Round Neck Black, White T-Shirt",₹245,"https://www.flipkart.com/clothing-and-accessories/topwear/tshirt/men-tshirt/pr?sid=clo,ash,ank,edy&otracker=categorytree&otracker=nmenu_sub_Men_0_T-Shirts/try-color-block-men-round-neck-black-white-t-shirt/p/itme7eb0664937f4?pid=TSHGYCHZYUEHX5TX&lid=LSTTSHGYCHZYUEHX5TXKCSGEN&marketplace=FLIPKART&store=clo%2Fash%2Fank%2Fedy&srno=b_1_3&otracker=browse&iid=a0114200-538d-4827-9e60-473e96230ae6.TSHGYCHZYUEHX5TX.SEARCH&ssid=rhiav23t1c0000001653087156841"
1,FastColors,"Solid Men Hooded Neck Blue, Grey T-Shirt",₹176,"https://www.flipkart.com/clothing-and-accessories/topwear/tshirt/men-tshirt/pr?sid=clo,ash,ank,edy&otracker=categorytree&otracker=nmenu_sub_Men_0_T-Shirts/fastcolors-solid-men-hooded-neck-blue-grey-t-shirt/p/itmbfb01b2a70a4b?pid=TSHFANHZ9FF8TFGF&lid=LSTTSHFANHZ9FF8TFGF9ESHXF&marketplace=FLIPKART&store=clo%2Fash%2Fank%2Fedy&srno=b_1_4&otracker=browse&iid=a0114200-538d-4827-9e60-473e96230ae6.TSHFANHZ9FF8TFGF.SEARCH&ssid=rhiav23t1c0000001653087156841"
1,Eyebogler,Self Design Men Round Neck Black T-Shirt,₹199,"https://www.flipkart.com/clothing-and-accessories/topwear/tshirt/men-tshirt/pr?sid=clo,ash,ank,edy&otracker=categorytree&otracker=nmenu_sub_Men_0_T-Shirts/eyebogler-self-design-men-round-neck-black-t-shirt/p/itm955e6725fc309?pid=TSHGA4HBCZYHSAZK&lid=LSTTSHGA4HBCZYHSAZKXAEL17&marketplace=FLIPKART&store=clo%2Fash%2Fank%2Fedy&spotlightTagId=TrendingId_clo%2Fash%2Fank%2Fedy&srno=b_1_5&otracker=browse&iid=a0114200-538d-4827-9e60-473e96230ae6.TSHGA4HBCZYHSAZK.SEARCH&ssid=rhiav23t1c0000001653087156841"
1,Eyebogler,"Striped Men Polo Neck White, Blue, Yellow T-Shirt",₹299,"https://www.flipkart.com/clothing-and-accessories/topwear/tshirt/men-tshirt/pr?sid=clo,ash,ank,edy&otracker=categorytree&otracker=nmenu_sub_Men_0_T-Shirts/eyebogler-striped-men-polo-neck-white-blue-yellow-t-shirt/p/itm5e2f30fc1f038?pid=TSHGA4MH4JYR6YAK&lid=LSTTSHGA4MH4JYR6YAK73IUIW&marketplace=FLIPKART&store=clo%2Fash%2Fank%2Fedy&srno=b_1_6&otracker=browse&iid=a0114200-538d-4827-9e60-473e96230ae6.TSHGA4MH4JYR6YAK.SEARCH&ssid=rhiav23t1c0000001653087156841"
1,Eyebogler,Color Block Men Round Neck Grey T-Shirt,₹199,"https://www.flipkart.com/clothing-and-accessories/topwear/tshirt/men-tshirt/pr?sid=clo,ash,ank,edy&otracker=categorytree&otracker=nmenu_sub_Men_0_T-Shirts/eyebogler-color-block-men-round-neck-grey-t-shirt/p/itm8398feb09eb95?pid=TSHFZKGHYGHXZFM5&lid=LSTTSHFZKGHYGHXZFM5TLFRDD&marketplace=FLIPKART&store=clo%2Fash%2Fank%2Fedy&srno=b_1_7&otracker=browse&iid=a0114200-538d-4827-9e60-473e96230ae6.TSHFZKGHYGHXZFM5.SEARCH&ssid=rhiav23t1c0000001653087156841"
1,Try This,Color Block Men Round Neck Black T-Shirt,₹235,"https://www.flipkart.com/clothing-and-accessories/topwear/tshirt/men-tshirt/pr?sid=clo,ash,ank,edy&otracker=categorytree&otracker=nmenu_sub_Men_0_T-Shirts/try-color-block-men-round-neck-black-t-shirt/p/itm4dc4c5e1f1725?pid=TSHGAFZESDF5T8VW&lid=LSTTSHGAFZESDF5T8VWFHPIYH&marketplace=FLIPKART&store=clo%2Fash%2Fank%2Fedy&srno=b_1_8&otracker=browse&iid=en_3Jrd1ueBDyvUZDgPV8mV%2FAn%2BZ%2FfdeoH%2Ft5ejjIDFQo7%2FM0LUGCeffn%2FkrxsNtLTxKfqlX8s7af3eO5%2F2ZwKPYw%3D%3D&ssid=rhiav23t1c0000001653087156841"
1,BLIVE,"Striped Men Round Neck Maroon, Grey T-Shirt",₹189,"https://www.flipkart.com/clothing-and-accessories/topwear/tshirt/men-tshirt/pr?sid=clo,ash,ank,edy&otracker=categorytree&otracker=nmenu_sub_Men_0_T-Shirts/blive-striped-men-round-neck-maroon-grey-t-shirt/p/itme357f8c31fa07?pid=TSHFVGZKZWVFZC5H&lid=LSTTSHFVGZKZWVFZC5HJG33ML&marketplace=FLIPKART&store=clo%2Fash%2Fank%2Fedy&srno=b_1_9&otracker=browse&iid=a0114200-538d-4827-9e60-473e96230ae6.TSHFVGZKZWVFZC5H.SEARCH&ssid=rhiav23t1c0000001653087156841"
1,Reya,Solid Men Mandarin Collar Black T-Shirt,₹211,"https://www.flipkart.com/clothing-and-accessories/topwear/tshirt/men-tshirt/pr?sid=clo,ash,ank,edy&otracker=categorytree&otracker=nmenu_sub_Men_0_T-Shirts/reya-solid-men-mandarin-collar-black-t-shirt/p/itm5d7451a43f539?pid=TSHFKYKBM8SNH7KY&lid=LSTTSHFKYKBM8SNH7KY0MAXLY&marketplace=FLIPKART&store=clo%2Fash%2Fank%2Fedy&srno=b_1_10&otracker=browse&iid=a0114200-538d-4827-9e60-473e96230ae6.TSHFKYKBM8SNH7KY.SEARCH&ssid=rhiav23t1c0000001653087156841"
1,Dennis Lingo,Solid Men Polo Neck Grey T-Shirt,₹450,"https://www.flipkart.com/clothing-and-accessories/topwear/tshirt/men-tshirt/pr?sid=clo,ash,ank,edy&otracker=categorytree&otracker=nmenu_sub_Men_0_T-Shirts/dennis-lingo-solid-men-polo-neck-grey-t-shirt/p/itm54d96199920c9?pid=TSHGCRY3WHZUJ6CH&lid=LSTTSHGCRY3WHZUJ6CHJAYQK5&marketplace=FLIPKART&store=clo%2Fash%2Fank%2Fedy&srno=b_1_11&otracker=browse&iid=en_3Jrd1ueBDyvUZDgPV8mV%2FAn%2BZ%2FfdeoH%2Ft5ejjIDFQo5hlUNdhqHSn5ldMLdQFieGaDb8l%2Byz5Jy6YuUYoAt%2F%2Fw%3D%3D&ssid=rhiav23t1c0000001653087156841"
1,eg,Printed Men Round Neck Black T-Shirt,₹234,"https://www.flipkart.com/clothing-and-accessories/topwear/tshirt/men-tshirt/pr?sid=clo,ash,ank,edy&otracker=categorytree&otracker=nmenu_sub_Men_0_T-Shirts/eg-printed-men-round-neck-black-t-shirt/p/itmfce0c83d56609?pid=TSHFMFZ7XBM4HNH9&lid=LSTTSHFMFZ7XBM4HNH96PN2RT&marketplace=FLIPKART&store=clo%2Fash%2Fank%2Fedy&srno=b_1_12&otracker=browse&iid=en_3Jrd1ueBDyvUZDgPV8mV%2FAn%2BZ%2FfdeoH%2Ft5ejjIDFQo4D3Re%2B1xFQ2maxsPD5EbXwTqHYPEy7KACoyQLlx9BcCw%3D%3D&ssid=rhiav23t1c0000001653087156841"
1,Eyebogler,Color Block Men Round Neck Yellow T-Shirt,₹199,"https://www.flipkart.com/clothing-and-accessories/topwear/tshirt/men-tshirt/pr?sid=clo,ash,ank,edy&otracker=categorytree&otracker=nmenu_sub_Men_0_T-Shirts/eyebogler-color-block-men-round-neck-yellow-t-shirt/p/itmf0b82a896718d?pid=TSHFZKGH9DFYCWYR&lid=LSTTSHFZKGH9DFYCWYRATPE3K&marketplace=FLIPKART&store=clo%2Fash%2Fank%2Fedy&srno=b_1_13&otracker=browse&iid=a0114200-538d-4827-9e60-473e96230ae6.TSHFZKGH9DFYCWYR.SEARCH&ssid=rhiav23t1c0000001653087156841"
1,Eyebogler,Striped Men Polo Neck Multicolor T-Shirt,₹249,"https://www.flipkart.com/clothing-and-accessories/topwear/tshirt/men-tshirt/pr?sid=clo,ash,ank,edy&otracker=categorytree&otracker=nmenu_sub_Men_0_T-Shirts/eyebogler-striped-men-polo-neck-multicolor-t-shirt/p/itm07b4115ef6413?pid=TSHGA4MHWRQHJNZQ&lid=LSTTSHGA4MHWRQHJNZQZFYPZE&marketplace=FLIPKART&store=clo%2Fash%2Fank%2Fedy&srno=b_1_14&otracker=browse&iid=a0114200-538d-4827-9e60-473e96230ae6.TSHGA4MHWRQHJNZQ.SEARCH&ssid=rhiav23t1c0000001653087156841"
1,Eyebogler,Printed Men Hooded Neck Black T-Shirt,₹249,"https://www.flipkart.com/clothing-and-accessories/topwear/tshirt/men-tshirt/pr?sid=clo,ash,ank,edy&otracker=categorytree&otracker=nmenu_sub_Men_0_T-Shirts/eyebogler-printed-men-hooded-neck-black-t-shirt/p/itma33cd4018c9fa?pid=TSHFZGNHXFDRMZPE&lid=LSTTSHFZGNHXFDRMZPE6EC5W9&marketplace=FLIPKART&store=clo%2Fash%2Fank%2Fedy&srno=b_1_15&otracker=browse&iid=a0114200-538d-4827-9e60-473e96230ae6.TSHFZGNHXFDRMZPE.SEARCH&ssid=rhiav23t1c0000001653087156841"
1,Reya,Striped Men Round Neck Blue T-Shirt,₹219,"https://www.flipkart.com/clothing-and-accessories/topwear/tshirt/men-tshirt/pr?sid=clo,ash,ank,edy&otracker=categorytree&otracker=nmenu_sub_Men_0_T-Shirts/reya-striped-men-round-neck-blue-t-shirt/p/itm89a5018480b93?pid=TSHFURHKZYPSPGQR&lid=LSTTSHFURHKZYPSPGQRVEMJSX&marketplace=FLIPKART&store=clo%2Fash%2Fank%2Fedy&srno=b_1_16&otracker=browse&iid=a0114200-538d-4827-9e60-473e96230ae6.TSHFURHKZYPSPGQR.SEARCH&ssid=rhiav23t1c0000001653087156841"
1,Try This,"Striped Men Round Neck White, Blue T-Shirt",₹249,"https://www.flipkart.com/clothing-and-accessories/topwear/tshirt/men-tshirt/pr?sid=clo,ash,ank,edy&otracker=categorytree&otracker=nmenu_sub_Men_0_T-Shirts/try-striped-men-round-neck-white-blue-t-shirt/p/itm728167a4958a8?pid=TSHGYSUTHZ6KS6GW&lid=LSTTSHGYSUTHZ6KS6GW2UKENS&marketplace=FLIPKART&store=clo%2Fash%2Fank%2Fedy&srno=b_1_17&otracker=browse&iid=en_3Jrd1ueBDyvUZDgPV8mV%2FAn%2BZ%2FfdeoH%2Ft5ejjIDFQo4%2Bx1qd0XkGS%2BuIK9w3nJEx%2BjS5EwyzxAPb9v%2Fl5peR0w%3D%3D&ssid=rhiav23t1c0000001653087156841"
1,Tricky Wear,Embossed Men Round Neck Black T-Shirt,₹269,"https://www.flipkart.com/clothing-and-accessories/topwear/tshirt/men-tshirt/pr?sid=clo,ash,ank,edy&otracker=categorytree&otracker=nmenu_sub_Men_0_T-Shirts/tricky-wear-embossed-men-round-neck-black-t-shirt/p/itm46e298f12a15e?pid=TSHGAB5FHBGEGXHK&lid=LSTTSHGAB5FHBGEGXHKG8DXWA&marketplace=FLIPKART&store=clo%2Fash%2Fank%2Fedy&srno=b_1_18&otracker=browse&iid=en_3Jrd1ueBDyvUZDgPV8mV%2FAn%2BZ%2FfdeoH%2Ft5ejjIDFQo7Qj88lZ3a8YrB7TTZIpItnGb1HPkYbLClONY8%2BLU03xg%3D%3D&ssid=rhiav23t1c0000001653087156841"
1,Jump Cuts,"Printed Men Round Neck Dark Blue, Grey T-Shirt",₹199,"https://www.flipkart.com/clothing-and-accessories/topwear/tshirt/men-tshirt/pr?sid=clo,ash,ank,edy&otracker=categorytree&otracker=nmenu_sub_Men_0_T-Shirts/jump-cuts-printed-men-round-neck-dark-blue-grey-t-shirt/p/itm32be9e93719c4?pid=TSHG98ETRJMNHT8J&lid=LSTTSHG98ETRJMNHT8JTVYI3M&marketplace=FLIPKART&store=clo%2Fash%2Fank%2Fedy&srno=b_1_19&otracker=browse&iid=a0114200-538d-4827-9e60-473e96230ae6.TSHG98ETRJMNHT8J.SEARCH&ssid=rhiav23t1c0000001653087156841"
1,Jump Cuts,Printed Men Round Neck Black T-Shirt,₹199,"https://www.flipkart.com/clothing-and-accessories/topwear/tshirt/men-tshirt/pr?sid=clo,ash,ank,edy&otracker=categorytree&otracker=nmenu_sub_Men_0_T-Shirts/jump-cuts-printed-men-round-neck-black-t-shirt/p/itmdf4ecd822dd5e?pid=TSHG7H35N4EHK8BU&lid=LSTTSHG7H35N4EHK8BUVDPLPV&marketplace=FLIPKART&store=clo%2Fash%2Fank%2Fedy&srno=b_1_20&otracker=browse&iid=a0114200-538d-4827-9e60-473e96230ae6.TSHG7H35N4EHK8BU.SEARCH&ssid=rhiav23t1c0000001653087156841"
1,Eyebogler,"Color Block Men Hooded Neck White, Red, Black T-Shirt",₹196,"https://www.flipkart.com/clothing-and-accessories/topwear/tshirt/men-tshirt/pr?sid=clo,ash,ank,edy&otracker=categorytree&otracker=nmenu_sub_Men_0_T-Shirts/eyebogler-color-block-men-hooded-neck-white-red-black-t-shirt/p/itm5b837b35126fa?pid=TSHFZMJ6CCRNPX5K&lid=LSTTSHFZMJ6CCRNPX5KGD16HH&marketplace=FLIPKART&store=clo%2Fash%2Fank%2Fedy&srno=b_1_21&otracker=browse&iid=en_3Jrd1ueBDyvUZDgPV8mV%2FAn%2BZ%2FfdeoH%2Ft5ejjIDFQo5MEPB9J65mfsYBqTcyIOqgui0VFjEUhDvGI5AAos2BNA%3D%3D&ssid=rhiav23t1c0000001653087156841"
1,LEE,Solid Men Polo Neck Maroon T-Shirt,₹579,"https://www.flipkart.com/clothing-and-accessories/topwear/tshirt/men-tshirt/pr?sid=clo,ash,ank,edy&otracker=categorytree&otracker=nmenu_sub_Men_0_T-Shirts/lee-solid-men-polo-neck-maroon-t-shirt/p/itm62e8cdbe35445?pid=TSHGA2HPX9NJEWDE&lid=LSTTSHGA2HPX9NJEWDEUMOGWP&marketplace=FLIPKART&store=clo%2Fash%2Fank%2Fedy&srno=b_1_22&otracker=browse&iid=en_3Jrd1ueBDyvUZDgPV8mV%2FAn%2BZ%2FfdeoH%2Ft5ejjIDFQo4NO8ojDnudYjdMnlQ68UJq4o3hGJia8xFMJ0EikUD8ZQ%3D%3D&ssid=rhiav23t1c0000001653087156841"
1,Eyebogler,"Solid Men Polo Neck Dark Blue, White T-Shirt",₹249,"https://www.flipkart.com/clothing-and-accessories/topwear/tshirt/men-tshirt/pr?sid=clo,ash,ank,edy&otracker=categorytree&otracker=nmenu_sub_Men_0_T-Shirts/eyebogler-solid-men-polo-neck-dark-blue-white-t-shirt/p/itmdfc3c653bdacd?pid=TSHG952Y9UMSGHZF&lid=LSTTSHG952Y9UMSGHZFJIA8UT&marketplace=FLIPKART&store=clo%2Fash%2Fank%2Fedy&srno=b_1_23&otracker=browse&iid=a0114200-538d-4827-9e60-473e96230ae6.TSHG952Y9UMSGHZF.SEARCH&ssid=rhiav23t1c0000001653087156841"
1,Jump Cuts,Striped Men Round Neck Black T-Shirt,₹159,"https://www.flipkart.com/clothing-and-accessories/topwear/tshirt/men-tshirt/pr?sid=clo,ash,ank,edy&otracker=categorytree&otracker=nmenu_sub_Men_0_T-Shirts/jump-cuts-striped-men-round-neck-black-t-shirt/p/itm248be83b33f3d?pid=TSHGDGJCGWMKM86V&lid=LSTTSHGDGJCGWMKM86VZJFZDV&marketplace=FLIPKART&store=clo%2Fash%2Fank%2Fedy&srno=b_1_24&otracker=browse&iid=a0114200-538d-4827-9e60-473e96230ae6.TSHGDGJCGWMKM86V.SEARCH&ssid=rhiav23t1c0000001653087156841"
1,Eyebogler,"Striped Men Polo Neck Blue, White T-Shirt",₹299,"https://www.flipkart.com/clothing-and-accessories/topwear/tshirt/men-tshirt/pr?sid=clo,ash,ank,edy&otracker=categorytree&otracker=nmenu_sub_Men_0_T-Shirts/eyebogler-striped-men-polo-neck-blue-white-t-shirt/p/itm2ddd8d86b85dc?pid=TSHFZR2UVDZ4Z7FS&lid=LSTTSHFZR2UVDZ4Z7FS3AF1OR&marketplace=FLIPKART&store=clo%2Fash%2Fank%2Fedy&srno=b_1_25&otracker=browse&iid=a0114200-538d-4827-9e60-473e96230ae6.TSHFZR2UVDZ4Z7FS.SEARCH&ssid=rhiav23t1c0000001653087156841"
1,TRIPR,Color Block Men Round Neck Multicolor T-Shirt,₹348,"https://www.flipkart.com/clothing-and-accessories/topwear/tshirt/men-tshirt/pr?sid=clo,ash,ank,edy&otracker=categorytree&otracker=nmenu_sub_Men_0_T-Shirts/tripr-color-block-men-round-neck-multicolor-t-shirt/p/itm34418eb9040d0?pid=TSHFTNDFARZMGFZF&lid=LSTTSHFTNDFARZMGFZFLICZY1&marketplace=FLIPKART&store=clo%2Fash%2Fank%2Fedy&srno=b_1_26&otracker=browse&iid=a0114200-538d-4827-9e60-473e96230ae6.TSHFTNDFARZMGFZF.SEARCH&ssid=rhiav23t1c0000001653087156841"
1,GLITO,Solid Men Round Neck White T-Shirt,₹279,"https://www.flipkart.com/clothing-and-accessories/topwear/tshirt/men-tshirt/pr?sid=clo,ash,ank,edy&otracker=categorytree&otracker=nmenu_sub_Men_0_T-Shirts/glito-solid-men-round-neck-white-t-shirt/p/itm87dca178bab0e?pid=TSHFZJ9KJYMZQBGP&lid=LSTTSHFZJ9KJYMZQBGP3G7VEX&marketplace=FLIPKART&store=clo%2Fash%2Fank%2Fedy&srno=b_1_27&otracker=browse&iid=en_3Jrd1ueBDyvUZDgPV8mV%2FAn%2BZ%2FfdeoH%2Ft5ejjIDFQo7F6YvxKbIrxHdmFWr%2BZmzMDkLhC7Qf0rFA566xaUqYzw%3D%3D&ssid=rhiav23t1c0000001653087156841"
1,MooNVellY,Striped Men Round Neck Light Blue T-Shirt,₹183,"https://www.flipkart.com/clothing-and-accessories/topwear/tshirt/men-tshirt/pr?sid=clo,ash,ank,edy&otracker=categorytree&otracker=nmenu_sub_Men_0_T-Shirts/moonvelly-striped-men-round-neck-light-blue-t-shirt/p/itmbe981d9b75ed6?pid=TSHGDZ23FWHHW4JN&lid=LSTTSHGDZ23FWHHW4JNMFWWFK&marketplace=FLIPKART&store=clo%2Fash%2Fank%2Fedy&srno=b_1_28&otracker=browse&iid=en_3Jrd1ueBDyvUZDgPV8mV%2FAn%2BZ%2FfdeoH%2Ft5ejjIDFQo7Iw4zZ8CBeeWXkmTM%2Bq%2Fimy21T7cc9PCrdxacD2%2B7Xsg%3D%3D&ssid=rhiav23t1c0000001653087156841"
1,TRIPR,"Solid Men Mandarin Collar Brown, Black T-Shirt",₹242,"https://www.flipkart.com/clothing-and-accessories/topwear/tshirt/men-tshirt/pr?sid=clo,ash,ank,edy&otracker=categorytree&otracker=nmenu_sub_Men_0_T-Shirts/tripr-solid-men-mandarin-collar-brown-black-t-shirt/p/itm2843b1a858cba?pid=TSHG9JJHZFQMZRZG&lid=LSTTSHG9JJHZFQMZRZGIUKROW&marketplace=FLIPKART&store=clo%2Fash%2Fank%2Fedy&srno=b_1_29&otracker=browse&iid=a0114200-538d-4827-9e60-473e96230ae6.TSHG9JJHZFQMZRZG.SEARCH&ssid=rhiav23t1c0000001653087156841"
1,Eyebogler,Checkered Men Polo Neck Black T-Shirt,₹299,"https://www.flipkart.com/clothing-and-accessories/topwear/tshirt/men-tshirt/pr?sid=clo,ash,ank,edy&otracker=categorytree&otracker=nmenu_sub_Men_0_T-Shirts/eyebogler-checkered-men-polo-neck-black-t-shirt/p/itmca7bb58390b95?pid=TSHG99FKDSHZJBNJ&lid=LSTTSHG99FKDSHZJBNJRWLNSW&marketplace=FLIPKART&store=clo%2Fash%2Fank%2Fedy&srno=b_1_30&otracker=browse&iid=a0114200-538d-4827-9e60-473e96230ae6.TSHG99FKDSHZJBNJ.SEARCH&ssid=rhiav23t1c0000001653087156841"
1,Gritstones,Striped Men Hooded Neck Green T-Shirt,₹281,"https://www.flipkart.com/clothing-and-accessories/topwear/tshirt/men-tshirt/pr?sid=clo,ash,ank,edy&otracker=categorytree&otracker=nmenu_sub_Men_0_T-Shirts/gritstones-striped-men-hooded-neck-green-t-shirt/p/itmfbfhws449vyc8?pid=TSHFBFGMGBZFQGFG&lid=LSTTSHFBFGMGBZFQGFG6MRFHD&marketplace=FLIPKART&store=clo%2Fash%2Fank%2Fedy&srno=b_1_31&otracker=browse&iid=en_3Jrd1ueBDyvUZDgPV8mV%2FAn%2BZ%2FfdeoH%2Ft5ejjIDFQo7oycCmdaP%2B%2B4EGWIKcjs9zLsMhHkS1YaCfxiqhkoIDyw%3D%3D&ssid=rhiav23t1c0000001653087156841"
1,Diversify,Striped Men Round Neck Yellow T-Shirt,₹295,"https://www.flipkart.com/clothing-and-accessories/topwear/tshirt/men-tshirt/pr?sid=clo,ash,ank,edy&otracker=categorytree&otracker=nmenu_sub_Men_0_T-Shirts/diversify-striped-men-round-neck-yellow-t-shirt/p/itm4454308dc92f6?pid=TSHFN3FHWE8YPDCC&lid=LSTTSHFN3FHWE8YPDCC6DKXNH&marketplace=FLIPKART&store=clo%2Fash%2Fank%2Fedy&srno=b_1_32&otracker=browse&iid=en_3Jrd1ueBDyvUZDgPV8mV%2FAn%2BZ%2FfdeoH%2Ft5ejjIDFQo6fzBB0rsuYqGXrUQvhXWh%2FhUSSFq9L6S9sEVf%2Fk6xG%2FQ%3D%3D&ssid=rhiav23t1c0000001653087156841"
1,Eyebogler,"Solid Men Collared Neck White, Black T-Shirt",₹249,"https://www.flipkart.com/clothing-and-accessories/topwear/tshirt/men-tshirt/pr?sid=clo,ash,ank,edy&otracker=categorytree&otracker=nmenu_sub_Men_0_T-Shirts/eyebogler-solid-men-collared-neck-white-black-t-shirt/p/itm6524d22b42487?pid=TSHG952YQUHVG5NX&lid=LSTTSHG952YQUHVG5NXSUYAZU&marketplace=FLIPKART&store=clo%2Fash%2Fank%2Fedy&srno=b_1_33&otracker=browse&iid=a0114200-538d-4827-9e60-473e96230ae6.TSHG952YQUHVG5NX.SEARCH&ssid=rhiav23t1c0000001653087156841"
1,Eyebogler,Checkered Men Polo Neck Blue T-Shirt,₹329,"https://www.flipkart.com/clothing-and-accessories/topwear/tshirt/men-tshirt/pr?sid=clo,ash,ank,edy&otracker=categorytree&otracker=nmenu_sub_Men_0_T-Shirts/eyebogler-checkered-men-polo-neck-blue-t-shirt/p/itm5db9407747805?pid=TSHG7ZXHD7NPU2YM&lid=LSTTSHG7ZXHD7NPU2YMQSHHWR&marketplace=FLIPKART&store=clo%2Fash%2Fank%2Fedy&srno=b_1_34&otracker=browse&iid=a0114200-538d-4827-9e60-473e96230ae6.TSHG7ZXHD7NPU2YM.SEARCH&ssid=rhiav23t1c0000001653087156841"
1,MANIAC,"Color Block Men Round Neck White, Black T-Shirt",₹436,"https://www.flipkart.com/clothing-and-accessories/topwear/tshirt/men-tshirt/pr?sid=clo,ash,ank,edy&otracker=categorytree&otracker=nmenu_sub_Men_0_T-Shirts/maniac-color-block-men-round-neck-white-black-t-shirt/p/itmddf9674d96613?pid=TSHFSTFZGN4JZXBE&lid=LSTTSHFSTFZGN4JZXBEVLDMHT&marketplace=FLIPKART&store=clo%2Fash%2Fank%2Fedy&srno=b_1_35&otracker=browse&iid=a0114200-538d-4827-9e60-473e96230ae6.TSHFSTFZGN4JZXBE.SEARCH&ssid=rhiav23t1c0000001653087156841"
1,London Hills,"Solid Men Round Neck Green, Black T-Shirt",₹450,"https://www.flipkart.com/clothing-and-accessories/topwear/tshirt/men-tshirt/pr?sid=clo,ash,ank,edy&otracker=categorytree&otracker=nmenu_sub_Men_0_T-Shirts/london-hills-solid-men-round-neck-green-black-t-shirt/p/itmd91cb2bae7839?pid=TSHFKA9HN7KBSGRM&lid=LSTTSHFKA9HN7KBSGRMVRBSOT&marketplace=FLIPKART&store=clo%2Fash%2Fank%2Fedy&srno=b_1_36&otracker=browse&iid=a0114200-538d-4827-9e60-473e96230ae6.TSHFKA9HN7KBSGRM.SEARCH&ssid=rhiav23t1c0000001653087156841"
1,GREY BOX,Solid Men Round Neck White T-Shirt,₹245,"https://www.flipkart.com/clothing-and-accessories/topwear/tshirt/men-tshirt/pr?sid=clo,ash,ank,edy&otracker=categorytree&otracker=nmenu_sub_Men_0_T-Shirts/grey-box-solid-men-round-neck-white-t-shirt/p/itm0074f43393042?pid=TSHFVQR8BEYGQ4U6&lid=LSTTSHFVQR8BEYGQ4U6VNKJS4&marketplace=FLIPKART&store=clo%2Fash%2Fank%2Fedy&srno=b_1_37&otracker=browse&iid=en_3Jrd1ueBDyvUZDgPV8mV%2FAn%2BZ%2FfdeoH%2Ft5ejjIDFQo5zAFzowoMxcKNaVkw5TxVPBT49Q%2BoxdC80JnYCHzlssg%3D%3D&ssid=rhiav23t1c0000001653087156841"
1,FTX,"Solid Men Round Neck Black, Dark Blue, Silver T-Shirt",₹349,"https://www.flipkart.com/clothing-and-accessories/topwear/tshirt/men-tshirt/pr?sid=clo,ash,ank,edy&otracker=categorytree&otracker=nmenu_sub_Men_0_T-Shirts/ftx-solid-men-round-neck-black-dark-blue-silver-t-shirt/p/itm53a3a9602db2b?pid=TSHG4BMFHHAZHH8P&lid=LSTTSHG4BMFHHAZHH8PMV8EB3&marketplace=FLIPKART&store=clo%2Fash%2Fank%2Fedy&srno=b_1_38&otracker=browse&iid=en_3Jrd1ueBDyvUZDgPV8mV%2FAn%2BZ%2FfdeoH%2Ft5ejjIDFQo6p5%2BoHMwVwiox0g4vQ%2Bh8feOl%2FnxnravYmNiV2paKgEA%3D%3D&ssid=rhiav23t1c0000001653087156841"
1,HELMONT,"Striped Men Hooded Neck Red, Black T-Shirt",₹249,"https://www.flipkart.com/clothing-and-accessories/topwear/tshirt/men-tshirt/pr?sid=clo,ash,ank,edy&otracker=categorytree&otracker=nmenu_sub_Men_0_T-Shirts/helmont-striped-men-hooded-neck-red-black-t-shirt/p/itmfdfvufw3fmuhz?pid=TSHFDFTFSXQFPZWD&lid=LSTTSHFDFTFSXQFPZWDBJTX10&marketplace=FLIPKART&store=clo%2Fash%2Fank%2Fedy&srno=b_1_39&otracker=browse&iid=a0114200-538d-4827-9e60-473e96230ae6.TSHFDFTFSXQFPZWD.SEARCH&ssid=rhiav23t1c0000001653087156841"
1,Eyebogler,Striped Men V Neck Blue T-Shirt,₹299,"https://www.flipkart.com/clothing-and-accessories/topwear/tshirt/men-tshirt/pr?sid=clo,ash,ank,edy&otracker=categorytree&otracker=nmenu_sub_Men_0_T-Shirts/eyebogler-striped-men-v-neck-blue-t-shirt/p/itm7313ab3356dc9?pid=TSHFZGNPCUHG6TFE&lid=LSTTSHFZGNPCUHG6TFEZNJP9M&marketplace=FLIPKART&store=clo%2Fash%2Fank%2Fedy&srno=b_1_40&otracker=browse&iid=a0114200-538d-4827-9e60-473e96230ae6.TSHFZGNPCUHG6TFE.SEARCH&ssid=rhiav23t1c0000001653087156841"
2,Try This,Solid Men Round Neck Black T-Shirt,₹235,"https://www.flipkart.com/clothing-and-accessories/topwear/tshirt/men-tshirt/pr?sid=clo,ash,ank,edy&otracker=categorytree&otracker=nmenu_sub_Men_0_T-Shirts/try-solid-men-round-neck-black-t-shirt/p/itmfe39c37739c3f?pid=TSHG9RAMHGD67K6Q&lid=LSTTSHG9RAMHGD67K6QEOLSMT&marketplace=FLIPKART&store=clo%2Fash%2Fank%2Fedy&srno=b_2_41&otracker=browse&iid=en_3OLlNkid7I8Cm2r4gDBbZN%2FHxwvH%2FbSdvQNf%2FiG6iKw6lBzWsXbUZtBKe2QTd1Quiy64n0%2B05B4IUuk8Y4AuJA%3D%3D&ssid=0xvqp0pow00000001653087161486"
2,AWG,Solid Men Round Neck Multicolor T-Shirt,₹449,"https://www.flipkart.com/clothing-and-accessories/topwear/tshirt/men-tshirt/pr?sid=clo,ash,ank,edy&otracker=categorytree&otracker=nmenu_sub_Men_0_T-Shirts/awg-solid-men-round-neck-multicolor-t-shirt/p/itmdb221f8e37772?pid=TSHF4PJ6VKEQZ5QZ&lid=LSTTSHF4PJ6VKEQZ5QZNGOCLL&marketplace=FLIPKART&store=clo%2Fash%2Fank%2Fedy&srno=b_2_42&otracker=browse&iid=en_3OLlNkid7I8Cm2r4gDBbZN%2FHxwvH%2FbSdvQNf%2FiG6iKwFXCSdY73Veh%2BKOOqu9iw4gmE%2F5VsoFaTA6wgNYk%2FOxg%3D%3D&ssid=0xvqp0pow00000001653087161486"
2,Allen Solly,Solid Men Polo Neck Maroon T-Shirt,₹579,"https://www.flipkart.com/clothing-and-accessories/topwear/tshirt/men-tshirt/pr?sid=clo,ash,ank,edy&otracker=categorytree&otracker=nmenu_sub_Men_0_T-Shirts/allen-solly-solid-men-polo-neck-maroon-t-shirt/p/itmf9ee90cba2230?pid=TSHFJPK3UXJXZ5XC&lid=LSTTSHFJPK3UXJXZ5XCPBA4KH&marketplace=FLIPKART&store=clo%2Fash%2Fank%2Fedy&srno=b_2_43&otracker=browse&iid=5c698a79-1d40-4317-a5c7-5ccc9ea8fba8.TSHFJPK3UXJXZ5XC.SEARCH&ssid=0xvqp0pow00000001653087161486"
2,TRIPR,Printed Men Round Neck Pink T-Shirt,₹151,"https://www.flipkart.com/clothing-and-accessories/topwear/tshirt/men-tshirt/pr?sid=clo,ash,ank,edy&otracker=categorytree&otracker=nmenu_sub_Men_0_T-Shirts/tripr-printed-men-round-neck-pink-t-shirt/p/itmfd95cf62c34d5?pid=TSHGBYH8ZJEMAYEM&lid=LSTTSHGBYH8ZJEMAYEM5QZEM8&marketplace=FLIPKART&store=clo%2Fash%2Fank%2Fedy&srno=b_2_44&otracker=browse&iid=5c698a79-1d40-4317-a5c7-5ccc9ea8fba8.TSHGBYH8ZJEMAYEM.SEARCH&ssid=0xvqp0pow00000001653087161486"
2,Jump Cuts,Striped Men Round Neck Dark Blue T-Shirt,₹199,"https://www.flipkart.com/clothing-and-accessories/topwear/tshirt/men-tshirt/pr?sid=clo,ash,ank,edy&otracker=categorytree&otracker=nmenu_sub_Men_0_T-Shirts/jump-cuts-striped-men-round-neck-dark-blue-t-shirt/p/itm4f3b191d55acd?pid=TSHGDGJBGKGNERMX&lid=LSTTSHGDGJBGKGNERMXT0WWZT&marketplace=FLIPKART&store=clo%2Fash%2Fank%2Fedy&srno=b_2_45&otracker=browse&iid=5c698a79-1d40-4317-a5c7-5ccc9ea8fba8.TSHGDGJBGKGNERMX.SEARCH&ssid=0xvqp0pow00000001653087161486"
2,METRONAUT,Striped Men Polo Neck Dark Green T-Shirt,₹273,"https://www.flipkart.com/clothing-and-accessories/topwear/tshirt/men-tshirt/pr?sid=clo,ash,ank,edy&otracker=categorytree&otracker=nmenu_sub_Men_0_T-Shirts/metronaut-striped-men-polo-neck-dark-green-t-shirt/p/itm5785cc3616b6f?pid=TSHGY6U3CHWFFXCH&lid=LSTTSHGY6U3CHWFFXCHCBKNOD&marketplace=FLIPKART&store=clo%2Fash%2Fank%2Fedy&srno=b_2_46&otracker=browse&iid=5c698a79-1d40-4317-a5c7-5ccc9ea8fba8.TSHGY6U3CHWFFXCH.SEARCH&ssid=0xvqp0pow00000001653087161486"
2,Try This,Color Block Men Round Neck Black T-Shirt,₹235,"https://www.flipkart.com/clothing-and-accessories/topwear/tshirt/men-tshirt/pr?sid=clo,ash,ank,edy&otracker=categorytree&otracker=nmenu_sub_Men_0_T-Shirts/try-color-block-men-round-neck-black-t-shirt/p/itm4dc4c5e1f1725?pid=TSHGAFZESDF5T8VW&lid=LSTTSHGAFZESDF5T8VWFHPIYH&marketplace=FLIPKART&store=clo%2Fash%2Fank%2Fedy&srno=b_2_47&otracker=browse&iid=en_3OLlNkid7I8Cm2r4gDBbZN%2FHxwvH%2FbSdvQNf%2FiG6iKxf1ckKB6UFI%2FB%2Fe%2FLM6%2FN1KfqlX8s7af3eO5%2F2ZwKPYw%3D%3D&ssid=0xvqp0pow00000001653087161486"
2,SCOTT INTERNATIONAL,Solid Men Round Neck Multicolor T-Shirt,₹370,"https://www.flipkart.com/clothing-and-accessories/topwear/tshirt/men-tshirt/pr?sid=clo,ash,ank,edy&otracker=categorytree&otracker=nmenu_sub_Men_0_T-Shirts/scott-international-solid-men-round-neck-multicolor-t-shirt/p/itmaf07b2209e08a?pid=TSHFZMKS94VYE4YR&lid=LSTTSHFZMKS94VYE4YRVAMWLJ&marketplace=FLIPKART&store=clo%2Fash%2Fank%2Fedy&srno=b_2_48&otracker=browse&iid=en_3OLlNkid7I8Cm2r4gDBbZN%2FHxwvH%2FbSdvQNf%2FiG6iKwYVkOQRNH%2BXmw%2FkJngOZFgT15IQw30fj2sXJLHy%2FtACA%3D%3D&ssid=0xvqp0pow00000001653087161486"
2,BLIVE,Printed Men Round Neck Black T-Shirt,₹151,"https://www.flipkart.com/clothing-and-accessories/topwear/tshirt/men-tshirt/pr?sid=clo,ash,ank,edy&otracker=categorytree&otracker=nmenu_sub_Men_0_T-Shirts/blive-printed-men-round-neck-black-t-shirt/p/itmcbfa28f4ad85d?pid=TSHG9HKKFSBRZDRW&lid=LSTTSHG9HKKFSBRZDRWV6EBVV&marketplace=FLIPKART&store=clo%2Fash%2Fank%2Fedy&srno=b_2_49&otracker=browse&iid=5c698a79-1d40-4317-a5c7-5ccc9ea8fba8.TSHG9HKKFSBRZDRW.SEARCH&ssid=0xvqp0pow00000001653087161486"
2,Eyebogler,Solid Men Hooded Neck Black T-Shirt,₹299,"https://www.flipkart.com/clothing-and-accessories/topwear/tshirt/men-tshirt/pr?sid=clo,ash,ank,edy&otracker=categorytree&otracker=nmenu_sub_Men_0_T-Shirts/eyebogler-solid-men-hooded-neck-black-t-shirt/p/itm2e37ad118f44b?pid=TSHGA4KSKTTXFYJ2&lid=LSTTSHGA4KSKTTXFYJ29II6HX&marketplace=FLIPKART&store=clo%2Fash%2Fank%2Fedy&srno=b_2_50&otracker=browse&iid=5c698a79-1d40-4317-a5c7-5ccc9ea8fba8.TSHGA4KSKTTXFYJ2.SEARCH&ssid=0xvqp0pow00000001653087161486"
2,Dennis Lingo,Solid Men Polo Neck Grey T-Shirt,₹450,"https://www.flipkart.com/clothing-and-accessories/topwear/tshirt/men-tshirt/pr?sid=clo,ash,ank,edy&otracker=categorytree&otracker=nmenu_sub_Men_0_T-Shirts/dennis-lingo-solid-men-polo-neck-grey-t-shirt/p/itm54d96199920c9?pid=TSHGCRY3WHZUJ6CH&lid=LSTTSHGCRY3WHZUJ6CHJAYQK5&marketplace=FLIPKART&store=clo%2Fash%2Fank%2Fedy&srno=b_2_51&otracker=browse&iid=en_3OLlNkid7I8Cm2r4gDBbZN%2FHxwvH%2FbSdvQNf%2FiG6iKxBCZS8l26fWV%2FE%2FKV2%2BXISWd%2BbKTwZXyBG%2FEgmWvctNA%3D%3D&ssid=0xvqp0pow00000001653087161486"
2,eg,Printed Men Round Neck Black T-Shirt,₹234,"https://www.flipkart.com/clothing-and-accessories/topwear/tshirt/men-tshirt/pr?sid=clo,ash,ank,edy&otracker=categorytree&otracker=nmenu_sub_Men_0_T-Shirts/eg-printed-men-round-neck-black-t-shirt/p/itmfce0c83d56609?pid=TSHFMFZ7XBM4HNH9&lid=LSTTSHFMFZ7XBM4HNH96PN2RT&marketplace=FLIPKART&store=clo%2Fash%2Fank%2Fedy&srno=b_2_52&otracker=browse&iid=en_3OLlNkid7I8Cm2r4gDBbZN%2FHxwvH%2FbSdvQNf%2FiG6iKxjiKR27S6xJIkXbzTjiV%2FsguysPw1nVJcyjAjEt%2FzlvQ%3D%3D&ssid=0xvqp0pow00000001653087161486"
2,BLIVE,"Solid Men Henley Neck Maroon, Dark Blue T-Shirt",₹356,"https://www.flipkart.com/clothing-and-accessories/topwear/tshirt/men-tshirt/pr?sid=clo,ash,ank,edy&otracker=categorytree&otracker=nmenu_sub_Men_0_T-Shirts/blive-solid-men-henley-neck-maroon-dark-blue-t-shirt/p/itm211793992f06b?pid=TSHFVPFKHFZ3ZEPS&lid=LSTTSHFVPFKHFZ3ZEPSS1KJTM&marketplace=FLIPKART&store=clo%2Fash%2Fank%2Fedy&srno=b_2_53&otracker=browse&iid=5c698a79-1d40-4317-a5c7-5ccc9ea8fba8.TSHFVPFKHFZ3ZEPS.SEARCH&ssid=0xvqp0pow00000001653087161486"
2,Allen Solly,Solid Men Polo Neck Black T-Shirt,₹489,"https://www.flipkart.com/clothing-and-accessories/topwear/tshirt/men-tshirt/pr?sid=clo,ash,ank,edy&otracker=categorytree&otracker=nmenu_sub_Men_0_T-Shirts/allen-solly-solid-men-polo-neck-black-t-shirt/p/itm3737257e9a2f5?pid=TSHFJPK4UCMXPYZR&lid=LSTTSHFJPK4UCMXPYZRSJIKS7&marketplace=FLIPKART&store=clo%2Fash%2Fank%2Fedy&srno=b_2_54&otracker=browse&iid=5c698a79-1d40-4317-a5c7-5ccc9ea8fba8.TSHFJPK4UCMXPYZR.SEARCH&ssid=0xvqp0pow00000001653087161486"
2,FastColors,"Solid Men Round Neck White, Blue T-Shirt",₹249,"https://www.flipkart.com/clothing-and-accessories/topwear/tshirt/men-tshirt/pr?sid=clo,ash,ank,edy&otracker=categorytree&otracker=nmenu_sub_Men_0_T-Shirts/fastcolors-solid-men-round-neck-white-blue-t-shirt/p/itmd565b0b686134?pid=TSHFBQHVFSEUNQBB&lid=LSTTSHFBQHVFSEUNQBBZRCJMM&marketplace=FLIPKART&store=clo%2Fash%2Fank%2Fedy&srno=b_2_55&otracker=browse&iid=5c698a79-1d40-4317-a5c7-5ccc9ea8fba8.TSHFBQHVFSEUNQBB.SEARCH&ssid=0xvqp0pow00000001653087161486"
2,Reya,Solid Men Mandarin Collar Blue T-Shirt,₹225,"https://www.flipkart.com/clothing-and-accessories/topwear/tshirt/men-tshirt/pr?sid=clo,ash,ank,edy&otracker=categorytree&otracker=nmenu_sub_Men_0_T-Shirts/reya-solid-men-mandarin-collar-blue-t-shirt/p/itm2d1dd8b838b67?pid=TSHFKYKBXNYMUHVC&lid=LSTTSHFKYKBXNYMUHVCGMXFWL&marketplace=FLIPKART&store=clo%2Fash%2Fank%2Fedy&srno=b_2_56&otracker=browse&iid=5c698a79-1d40-4317-a5c7-5ccc9ea8fba8.TSHFKYKBXNYMUHVC.SEARCH&ssid=0xvqp0pow00000001653087161486"
2,Tricky Wear,Embossed Men Round Neck Black T-Shirt,₹269,"https://www.flipkart.com/clothing-and-accessories/topwear/tshirt/men-tshirt/pr?sid=clo,ash,ank,edy&otracker=categorytree&otracker=nmenu_sub_Men_0_T-Shirts/tricky-wear-embossed-men-round-neck-black-t-shirt/p/itm46e298f12a15e?pid=TSHGAB5FHBGEGXHK&lid=LSTTSHGAB5FHBGEGXHKG8DXWA&marketplace=FLIPKART&store=clo%2Fash%2Fank%2Fedy&srno=b_2_57&otracker=browse&iid=en_3OLlNkid7I8Cm2r4gDBbZN%2FHxwvH%2FbSdvQNf%2FiG6iKzrNA%2B61ZpIidsM9jvYVveogSsQqp9qv6GbKPjB4uAGyQ%3D%3D&ssid=0xvqp0pow00000001653087161486"
2,Eyebogler,"Color Block Men Hooded Neck White, Red, Black T-Shirt",₹196,"https://www.flipkart.com/clothing-and-accessories/topwear/tshirt/men-tshirt/pr?sid=clo,ash,ank,edy&otracker=categorytree&otracker=nmenu_sub_Men_0_T-Shirts/eyebogler-color-block-men-hooded-neck-white-red-black-t-shirt/p/itm5b837b35126fa?pid=TSHFZMJ6CCRNPX5K&lid=LSTTSHFZMJ6CCRNPX5KGD16HH&marketplace=FLIPKART&store=clo%2Fash%2Fank%2Fedy&srno=b_2_58&otracker=browse&iid=en_3OLlNkid7I8Cm2r4gDBbZN%2FHxwvH%2FbSdvQNf%2FiG6iKxTdxsfhGRoBnrqNg%2BOPe0KWVYQUw8ZunGTHeoVfbaluw%3D%3D&ssid=0xvqp0pow00000001653087161486"
2,Eyebogler,"Striped Men Round Neck Red, Black, White T-Shirt",₹249,"https://www.flipkart.com/clothing-and-accessories/topwear/tshirt/men-tshirt/pr?sid=clo,ash,ank,edy&otracker=categorytree&otracker=nmenu_sub_Men_0_T-Shirts/eyebogler-striped-men-round-neck-red-black-white-t-shirt/p/itme5c26205f41e7?pid=TSHG99G8SXHUCTZR&lid=LSTTSHG99G8SXHUCTZROGF555&marketplace=FLIPKART&store=clo%2Fash%2Fank%2Fedy&srno=b_2_59&otracker=browse&iid=5c698a79-1d40-4317-a5c7-5ccc9ea8fba8.TSHG99G8SXHUCTZR.SEARCH&ssid=0xvqp0pow00000001653087161486"
2,MooNVellY,Striped Men Round Neck Light Blue T-Shirt,₹183,"https://www.flipkart.com/clothing-and-accessories/topwear/tshirt/men-tshirt/pr?sid=clo,ash,ank,edy&otracker=categorytree&otracker=nmenu_sub_Men_0_T-Shirts/moonvelly-striped-men-round-neck-light-blue-t-shirt/p/itmbe981d9b75ed6?pid=TSHGDZ23FWHHW4JN&lid=LSTTSHGDZ23FWHHW4JNMFWWFK&marketplace=FLIPKART&store=clo%2Fash%2Fank%2Fedy&srno=b_2_60&otracker=browse&iid=en_3OLlNkid7I8Cm2r4gDBbZN%2FHxwvH%2FbSdvQNf%2FiG6iKwv%2F18lYt%2BoFzlBC5leZym5y21T7cc9PCrdxacD2%2B7Xsg%3D%3D&ssid=0xvqp0pow00000001653087161486"
2,Eyebogler,Striped Men Round Neck Blue T-Shirt,₹196,"https://www.flipkart.com/clothing-and-accessories/topwear/tshirt/men-tshirt/pr?sid=clo,ash,ank,edy&otracker=categorytree&otracker=nmenu_sub_Men_0_T-Shirts/eyebogler-striped-men-round-neck-blue-t-shirt/p/itma15780e255c04?pid=TSHGYMY7UXKVKVWB&lid=LSTTSHGYMY7UXKVKVWBARXKCB&marketplace=FLIPKART&store=clo%2Fash%2Fank%2Fedy&srno=b_2_61&otracker=browse&iid=5c698a79-1d40-4317-a5c7-5ccc9ea8fba8.TSHGYMY7UXKVKVWB.SEARCH&ssid=0xvqp0pow00000001653087161486"
2,Allen Solly,Solid Men Polo Neck Dark Blue T-Shirt,₹489,"https://www.flipkart.com/clothing-and-accessories/topwear/tshirt/men-tshirt/pr?sid=clo,ash,ank,edy&otracker=categorytree&otracker=nmenu_sub_Men_0_T-Shirts/allen-solly-solid-men-polo-neck-dark-blue-t-shirt/p/itmfeeeaf473e7da?pid=TSHFJPK3ENGNH8U4&lid=LSTTSHFJPK3ENGNH8U4RDWZQ4&marketplace=FLIPKART&store=clo%2Fash%2Fank%2Fedy&srno=b_2_62&otracker=browse&iid=5c698a79-1d40-4317-a5c7-5ccc9ea8fba8.TSHFJPK3ENGNH8U4.SEARCH&ssid=0xvqp0pow00000001653087161486"
2,HRX by Hrithik Roshan,Solid Men Round Neck White T-Shirt,₹303,"https://www.flipkart.com/clothing-and-accessories/topwear/tshirt/men-tshirt/pr?sid=clo,ash,ank,edy&otracker=categorytree&otracker=nmenu_sub_Men_0_T-Shirts/hrx-hrithik-roshan-solid-men-round-neck-white-t-shirt/p/itmfhdwffn2bpvyp?pid=TSHFHCV9G2HNVHHE&lid=LSTTSHFHCV9G2HNVHHEMB9DPS&marketplace=FLIPKART&store=clo%2Fash%2Fank%2Fedy&srno=b_2_63&otracker=browse&iid=5c698a79-1d40-4317-a5c7-5ccc9ea8fba8.TSHFHCV9G2HNVHHE.SEARCH&ssid=0xvqp0pow00000001653087161486"
2,LEE,Solid Men Polo Neck Maroon T-Shirt,₹579,"https://www.flipkart.com/clothing-and-accessories/topwear/tshirt/men-tshirt/pr?sid=clo,ash,ank,edy&otracker=categorytree&otracker=nmenu_sub_Men_0_T-Shirts/lee-solid-men-polo-neck-maroon-t-shirt/p/itm62e8cdbe35445?pid=TSHGA2HPX9NJEWDE&lid=LSTTSHGA2HPX9NJEWDEUMOGWP&marketplace=FLIPKART&store=clo%2Fash%2Fank%2Fedy&srno=b_2_64&otracker=browse&iid=en_3OLlNkid7I8Cm2r4gDBbZN%2FHxwvH%2FbSdvQNf%2FiG6iKy4ePppA4nZIpVDWoOXVA6o4o3hGJia8xFMJ0EikUD8ZQ%3D%3D&ssid=0xvqp0pow00000001653087161486"
2,Roden,Striped Men Round Neck Purple T-Shirt,₹284,"https://www.flipkart.com/clothing-and-accessories/topwear/tshirt/men-tshirt/pr?sid=clo,ash,ank,edy&otracker=categorytree&otracker=nmenu_sub_Men_0_T-Shirts/roden-striped-men-round-neck-purple-t-shirt/p/itmdf3b6d72a5920?pid=TSHGYFBTNGHVFZBP&lid=LSTTSHGYFBTNGHVFZBPNIEX4L&marketplace=FLIPKART&store=clo%2Fash%2Fank%2Fedy&srno=b_2_65&otracker=browse&iid=5c698a79-1d40-4317-a5c7-5ccc9ea8fba8.TSHGYFBTNGHVFZBP.SEARCH&ssid=0xvqp0pow00000001653087161486"
2,Eyebogler,Printed Men Hooded Neck Black T-Shirt,₹249,"https://www.flipkart.com/clothing-and-accessories/topwear/tshirt/men-tshirt/pr?sid=clo,ash,ank,edy&otracker=categorytree&otracker=nmenu_sub_Men_0_T-Shirts/eyebogler-printed-men-hooded-neck-black-t-shirt/p/itm1874822d32f43?pid=TSHG8ZDEF76R6YGZ&lid=LSTTSHG8ZDEF76R6YGZB6NYKT&marketplace=FLIPKART&store=clo%2Fash%2Fank%2Fedy&srno=b_2_66&otracker=browse&iid=5c698a79-1d40-4317-a5c7-5ccc9ea8fba8.TSHG8ZDEF76R6YGZ.SEARCH&ssid=0xvqp0pow00000001653087161486"
2,Eyebogler,"Striped Men Round Neck Red, White T-Shirt",₹192,"https://www.flipkart.com/clothing-and-accessories/topwear/tshirt/men-tshirt/pr?sid=clo,ash,ank,edy&otracker=categorytree&otracker=nmenu_sub_Men_0_T-Shirts/eyebogler-striped-men-round-neck-red-white-t-shirt/p/itm3cc4810fba24b?pid=TSHGYMY72GJSEH7K&lid=LSTTSHGYMY72GJSEH7KBDZCIO&marketplace=FLIPKART&store=clo%2Fash%2Fank%2Fedy&srno=b_2_67&otracker=browse&iid=5c698a79-1d40-4317-a5c7-5ccc9ea8fba8.TSHGYMY72GJSEH7K.SEARCH&ssid=0xvqp0pow00000001653087161486"
2,Try This,"Color Block Men Hooded Neck White, Blue T-Shirt",₹199,"https://www.flipkart.com/clothing-and-accessories/topwear/tshirt/men-tshirt/pr?sid=clo,ash,ank,edy&otracker=categorytree&otracker=nmenu_sub_Men_0_T-Shirts/try-color-block-men-hooded-neck-white-blue-t-shirt/p/itmf9b65817ec595?pid=TSHG9UEJHS4G7QC2&lid=LSTTSHG9UEJHS4G7QC2JFMKFT&marketplace=FLIPKART&store=clo%2Fash%2Fank%2Fedy&srno=b_2_68&otracker=browse&iid=en_3OLlNkid7I8Cm2r4gDBbZN%2FHxwvH%2FbSdvQNf%2FiG6iKyi952y97JAWChCeK5JUVGdP81ffH8xJ7zmZh2ju%2BGmBA%3D%3D&ssid=0xvqp0pow00000001653087161486"
2,London Hills,Color Block Men Round Neck Multicolor T-Shirt,₹450,"https://www.flipkart.com/clothing-and-accessories/topwear/tshirt/men-tshirt/pr?sid=clo,ash,ank,edy&otracker=categorytree&otracker=nmenu_sub_Men_0_T-Shirts/london-hills-color-block-men-round-neck-multicolor-t-shirt/p/itme0f42d608c6d0?pid=TSHG3M34QUH8N2SG&lid=LSTTSHG3M34QUH8N2SG03FN6L&marketplace=FLIPKART&store=clo%2Fash%2Fank%2Fedy&srno=b_2_69&otracker=browse&iid=5c698a79-1d40-4317-a5c7-5ccc9ea8fba8.TSHG3M34QUH8N2SG.SEARCH&ssid=0xvqp0pow00000001653087161486"
2,AWG,Solid Men Round Neck Multicolor T-Shirt,₹449,"https://www.flipkart.com/clothing-and-accessories/topwear/tshirt/men-tshirt/pr?sid=clo,ash,ank,edy&otracker=categorytree&otracker=nmenu_sub_Men_0_T-Shirts/awg-solid-men-round-neck-multicolor-t-shirt/p/itmfde5aae78083c?pid=TSHFENAD2ZTC5UMW&lid=LSTTSHFENAD2ZTC5UMWKLMUB4&marketplace=FLIPKART&store=clo%2Fash%2Fank%2Fedy&srno=b_2_70&otracker=browse&iid=5c698a79-1d40-4317-a5c7-5ccc9ea8fba8.TSHFENAD2ZTC5UMW.SEARCH&ssid=0xvqp0pow00000001653087161486"
2,Eyebogler,"Solid Men Mandarin Collar Green, White T-Shirt",₹199,"https://www.flipkart.com/clothing-and-accessories/topwear/tshirt/men-tshirt/pr?sid=clo,ash,ank,edy&otracker=categorytree&otracker=nmenu_sub_Men_0_T-Shirts/eyebogler-solid-men-mandarin-collar-green-white-t-shirt/p/itmb637906ba752f?pid=TSHGA5G8HWKYTZSM&lid=LSTTSHGA5G8HWKYTZSMAFLBBJ&marketplace=FLIPKART&store=clo%2Fash%2Fank%2Fedy&srno=b_2_71&otracker=browse&iid=5c698a79-1d40-4317-a5c7-5ccc9ea8fba8.TSHGA5G8HWKYTZSM.SEARCH&ssid=0xvqp0pow00000001653087161486"
2,GLITO,Solid Men Round Neck White T-Shirt,₹279,"https://www.flipkart.com/clothing-and-accessories/topwear/tshirt/men-tshirt/pr?sid=clo,ash,ank,edy&otracker=categorytree&otracker=nmenu_sub_Men_0_T-Shirts/glito-solid-men-round-neck-white-t-shirt/p/itm87dca178bab0e?pid=TSHFZJ9KJYMZQBGP&lid=LSTTSHFZJ9KJYMZQBGP3G7VEX&marketplace=FLIPKART&store=clo%2Fash%2Fank%2Fedy&srno=b_2_72&otracker=browse&iid=en_3OLlNkid7I8Cm2r4gDBbZN%2FHxwvH%2FbSdvQNf%2FiG6iKwJB0i4g%2FaldflNoilMhpQyDkLhC7Qf0rFA566xaUqYzw%3D%3D&ssid=0xvqp0pow00000001653087161486"
2,Try This,"Striped Men Round Neck White, Blue T-Shirt",₹249,"https://www.flipkart.com/clothing-and-accessories/topwear/tshirt/men-tshirt/pr?sid=clo,ash,ank,edy&otracker=categorytree&otracker=nmenu_sub_Men_0_T-Shirts/try-striped-men-round-neck-white-blue-t-shirt/p/itm728167a4958a8?pid=TSHGYSUTHZ6KS6GW&lid=LSTTSHGYSUTHZ6KS6GW2UKENS&marketplace=FLIPKART&store=clo%2Fash%2Fank%2Fedy&srno=b_2_73&otracker=browse&iid=5c698a79-1d40-4317-a5c7-5ccc9ea8fba8.TSHGYSUTHZ6KS6GW.SEARCH&ssid=0xvqp0pow00000001653087161486"
2,PROVOGUE,Printed Men Round Neck Dark Blue T-Shirt,₹229,"https://www.flipkart.com/clothing-and-accessories/topwear/tshirt/men-tshirt/pr?sid=clo,ash,ank,edy&otracker=categorytree&otracker=nmenu_sub_Men_0_T-Shirts/provogue-printed-men-round-neck-dark-blue-t-shirt/p/itm833c5090df6d1?pid=TSHFUGBQT2DHCYSN&lid=LSTTSHFUGBQT2DHCYSNIEVVR3&marketplace=FLIPKART&store=clo%2Fash%2Fank%2Fedy&srno=b_2_74&otracker=browse&iid=5c698a79-1d40-4317-a5c7-5ccc9ea8fba8.TSHFUGBQT2DHCYSN.SEARCH&ssid=0xvqp0pow00000001653087161486"
2,MooNVellY,Self Design Men Round Neck Black T-Shirt,₹249,"https://www.flipkart.com/clothing-and-accessories/topwear/tshirt/men-tshirt/pr?sid=clo,ash,ank,edy&otracker=categorytree&otracker=nmenu_sub_Men_0_T-Shirts/moonvelly-self-design-men-round-neck-black-t-shirt/p/itmb775c03f045d8?pid=TSHGD5GMZVHQMG6F&lid=LSTTSHGD5GMZVHQMG6F5XQX0P&marketplace=FLIPKART&store=clo%2Fash%2Fank%2Fedy&srno=b_2_75&otracker=browse&iid=5c698a79-1d40-4317-a5c7-5ccc9ea8fba8.TSHGD5GMZVHQMG6F.SEARCH&ssid=0xvqp0pow00000001653087161486"
2,Gritstones,Striped Men Hooded Neck Green T-Shirt,₹281,"https://www.flipkart.com/clothing-and-accessories/topwear/tshirt/men-tshirt/pr?sid=clo,ash,ank,edy&otracker=categorytree&otracker=nmenu_sub_Men_0_T-Shirts/gritstones-striped-men-hooded-neck-green-t-shirt/p/itmfbfhws449vyc8?pid=TSHFBFGMGBZFQGFG&lid=LSTTSHFBFGMGBZFQGFG6MRFHD&marketplace=FLIPKART&store=clo%2Fash%2Fank%2Fedy&srno=b_2_76&otracker=browse&iid=en_3OLlNkid7I8Cm2r4gDBbZN%2FHxwvH%2FbSdvQNf%2FiG6iKy0aemnSuZOfPM7QF%2Fah1bKRLoKRN603jv7fk4Wc0h6Vw%3D%3D&ssid=0xvqp0pow00000001653087161486"
2,TRIPR,Printed Men Round Neck Black T-Shirt,₹151,"https://www.flipkart.com/clothing-and-accessories/topwear/tshirt/men-tshirt/pr?sid=clo,ash,ank,edy&otracker=categorytree&otracker=nmenu_sub_Men_0_T-Shirts/tripr-printed-men-round-neck-black-t-shirt/p/itm67874a0b18802?pid=TSHG9HZCAT7BZMSZ&lid=LSTTSHG9HZCAT7BZMSZQ827BA&marketplace=FLIPKART&store=clo%2Fash%2Fank%2Fedy&srno=b_2_77&otracker=browse&iid=5c698a79-1d40-4317-a5c7-5ccc9ea8fba8.TSHG9HZCAT7BZMSZ.SEARCH&ssid=0xvqp0pow00000001653087161486"
2,THE DRY STATE,Solid Men Round Neck Black T-Shirt,₹349,"https://www.flipkart.com/clothing-and-accessories/topwear/tshirt/men-tshirt/pr?sid=clo,ash,ank,edy&otracker=categorytree&otracker=nmenu_sub_Men_0_T-Shirts/dry-state-solid-men-round-neck-black-t-shirt/p/itm58cc1e963b204?pid=TSHG2DJMACWMSUZU&lid=LSTTSHG2DJMACWMSUZUGTDRAB&marketplace=FLIPKART&store=clo%2Fash%2Fank%2Fedy&srno=b_2_78&otracker=browse&iid=5c698a79-1d40-4317-a5c7-5ccc9ea8fba8.TSHG2DJMACWMSUZU.SEARCH&ssid=0xvqp0pow00000001653087161486"
2,Jump Cuts,"Striped Men Round Neck Dark Blue, White, Brown T-Shirt",₹176,"https://www.flipkart.com/clothing-and-accessories/topwear/tshirt/men-tshirt/pr?sid=clo,ash,ank,edy&otracker=categorytree&otracker=nmenu_sub_Men_0_T-Shirts/jump-cuts-striped-men-round-neck-dark-blue-white-brown-t-shirt/p/itma5efb091041c0?pid=TSHGDGJCJDGCXDGY&lid=LSTTSHGDGJCJDGCXDGYYVQ70X&marketplace=FLIPKART&store=clo%2Fash%2Fank%2Fedy&srno=b_2_79&otracker=browse&iid=5c698a79-1d40-4317-a5c7-5ccc9ea8fba8.TSHGDGJCJDGCXDGY.SEARCH&ssid=0xvqp0pow00000001653087161486"
2,FTX,"Solid Men Round Neck Black, Dark Blue, Silver T-Shirt",₹349,"https://www.flipkart.com/clothing-and-accessories/topwear/tshirt/men-tshirt/pr?sid=clo,ash,ank,edy&otracker=categorytree&otracker=nmenu_sub_Men_0_T-Shirts/ftx-solid-men-round-neck-black-dark-blue-silver-t-shirt/p/itm53a3a9602db2b?pid=TSHG4BMFHHAZHH8P&lid=LSTTSHG4BMFHHAZHH8PMV8EB3&marketplace=FLIPKART&store=clo%2Fash%2Fank%2Fedy&srno=b_2_80&otracker=browse&iid=en_3OLlNkid7I8Cm2r4gDBbZN%2FHxwvH%2FbSdvQNf%2FiG6iKyOKN6DYwXRk7usFzIhQ55reOl%2FnxnravYmNiV2paKgEA%3D%3D&ssid=0xvqp0pow00000001653087161486"
